<?xml version="1.0" encoding="UTF-8" ?>
<module>
	<name>tokopinireviews</name>
	<displayName><![CDATA[TokoPini - Display Reviews]]></displayName>
	<version><![CDATA[1.0.1]]></version>
	<description><![CDATA[Automatically Displays Product reviews on your website]]></description>
	<author><![CDATA[TokoPini Integrations]]></author>
	<tab><![CDATA[others]]></tab>
	<confirmUninstall><![CDATA[No TokoPini Integration? :(]]></confirmUninstall>
	<is_configurable>1</is_configurable>
	<need_instance>0</need_instance>
	<limited_countries></limited_countries>
</module>